{"initial_reset_timestamp": 1608515649.068803, "timestamps": [1608515649.4087374, 1608515649.7886744], "episode_lengths": [11, 18], "episode_rewards": [11.0, 18.0], "episode_types": ["t", "t"]}